season,league_CPOE
2018,0.35641025641025637
2019,0.08717948717948716
2020,0.6829268292682927
2021,-0.7763157894736842
2022,-0.6675
2023,0.12666666666666668
2024,0.06511627906976748
